{
  "mse": 17.781932830810547,
  "rmse": 4.216862678527832,
  "mae": 2.6850361824035645,
  "r2": 0.776269793510437,
  "mape": 13.281607627868652
}